t_s,rss_kib
0,144
1,384112
2,384480
3,384528
4,388368
5,388432
6,396080
7,396080
8,396080
9,396272
10,396288
11,396320
12,396320
13,396320
14,396336
15,396352
16,396416
17,396448
18,396480
19,396480
20,396480
21,396528
22,396480
23,396496
24,396496
25,396496
26,396496
27,396496
28,396544
29,396544
30,396544
31,396576
32,396576
33,396592
34,396592
35,396592
36,396624
37,396624
38,396672
39,396672
40,396672
41,396688
42,396720
43,396752
44,396752
45,396768
46,396784
47,396784
48,396816
49,396816
50,396832
51,396832
52,396832
