t_s,epoch_s,rss_kib
0,1791361327,160
1,1791361328,284848
2,1791361329,396384
3,1791361330,486384
4,1791361331,486944
5,1791361332,487184
6,1791361333,487344
7,1791361334,487664
8,1791361335,487776
9,1791361337,487968
10,1791361338,488272
11,1791361339,489552
12,1791361340,493616
13,1791361341,493744
14,1791361342,493856
15,1791361343,493888
16,1791361344,494000
17,1791361345,494016
18,1791361346,494272
19,1791361347,494384
20,1791361348,494592
21,1791361349,494944
22,1791361350,494992
23,1791361351,494976
24,1791361352,495024
25,1791361353,495056
26,1791361354,495088
27,1791361355,496192
28,1791361356,496352
29,1791361357,496400
30,1791361358,496416
31,1791361359,496416
32,1791361360,496432
33,1791361361,496432
34,1791361362,496448
35,1791361363,496448
36,1791361364,496464
37,1791361365,496464
38,1791361366,496480
39,1791361367,496544
40,1791361368,496544
41,1791361369,496560
42,1791361370,496592
43,1791361371,496608
44,1791361372,496656
45,1791361373,496736
46,1791361374,496736
47,1791361375,496768
48,1791361376,496800
49,1791361377,496816
50,1791361378,496816
51,1791361379,496816
52,1791361380,496880
53,1791361381,496912
54,1791361382,496944
55,1791361383,496960
56,1791361384,496992
57,1791361385,497040
58,1791361386,497056
59,1791361387,497136
60,1791361388,497136
61,1791361389,497168
62,1791361390,497200
63,1791361391,497216
64,1791361392,497216
65,1791361393,497232
66,1791361394,497232
67,1791361395,497264
68,1791361396,497312
69,1791361397,497312
70,1791361398,497376
71,1791361400,497424
72,1791361401,498240
73,1791361402,498144
74,1791361403,498144
75,1791361404,498144
76,1791361405,498144
77,1791361406,498144
78,1791361407,498160
79,1791361408,498160
80,1791361409,498176
81,1791361410,498192
82,1791361411,498224
83,1791361412,498224
84,1791361413,498240
85,1791361414,498240
86,1791361415,498256
87,1791361416,498256
88,1791361417,498272
89,1791361418,498272
90,1791361419,498288
91,1791361420,498304
92,1791361421,498304
93,1791361422,498320
94,1791361423,498336
95,1791361424,498368
96,1791361425,498368
97,1791361426,498384
98,1791361427,498384
99,1791361428,498416
100,1791361429,498416
101,1791361430,498432
102,1791361431,498432
103,1791361432,498432
104,1791361433,498448
105,1791361434,498464
106,1791361435,498400
107,1791361436,498432
108,1791361437,498448
109,1791361438,498448
110,1791361439,498480
111,1791361440,498480
112,1791361441,498512
113,1791361442,498512
114,1791361443,498544
115,1791361444,498560
116,1791361445,498592
117,1791361446,498592
118,1791361447,498640
119,1791361448,498656
120,1791361449,498704
121,1791361450,498704
122,1791361451,498736
123,1791361452,498800
124,1791361453,498800
125,1791361454,498880
126,1791361455,498896
127,1791361456,499008
128,1791361457,499024
129,1791361458,499024
130,1791361459,499040
131,1791361460,499312
132,1791361462,499344
133,1791361463,499360
134,1791361464,499376
135,1791361465,499392
136,1791361466,499408
137,1791361467,499440
138,1791361468,499600
139,1791361469,499600
140,1791361470,499616
141,1791361471,499616
142,1791361472,499616
143,1791361473,499632
144,1791361474,499648
145,1791361475,499648
146,1791361476,499680
147,1791361477,499680
148,1791361478,499696
149,1791361479,499696
150,1791361480,499696
151,1791361481,499712
152,1791361482,499728
153,1791361483,499760
154,1791361484,499808
155,1791361485,499824
156,1791361486,500240
157,1791361487,500256
158,1791361488,500272
159,1791361489,500272
160,1791361490,500304
161,1791361491,500304
162,1791361492,500352
163,1791361493,500352
164,1791361494,500352
165,1791361495,500368
166,1791361496,500384
167,1791361497,500384
168,1791361498,500400
169,1791361499,500400
170,1791361500,500416
171,1791361501,500432
172,1791361502,500448
173,1791361503,500448
174,1791361504,500464
175,1791361505,500464
176,1791361506,500592
177,1791361507,500592
178,1791361508,500608
179,1791361509,500608
180,1791361510,500624
181,1791361511,500624
182,1791361512,500640
183,1791361513,500672
184,1791361514,500672
185,1791361515,500688
186,1791361516,500720
187,1791361517,500736
188,1791361518,500736
189,1791361519,500752
190,1791361520,500784
191,1791361521,500816
192,1791361522,500832
193,1791361523,500832
194,1791361525,500864
195,1791361526,500880
196,1791361527,500928
197,1791361528,501024
198,1791361529,501040
199,1791361530,501056
200,1791361531,501056
201,1791361532,501072
202,1791361533,501072
203,1791361534,501184
204,1791361535,501184
205,1791361536,501200
206,1791361537,501216
207,1791361538,501232
208,1791361539,501232
209,1791361540,501280
210,1791361541,501296
211,1791361542,501312
212,1791361543,501312
213,1791361544,501312
214,1791361545,501344
215,1791361546,501344
216,1791361547,501360
217,1791361548,501360
218,1791361549,501376
219,1791361550,501392
220,1791361551,501408
221,1791361552,501424
222,1791361553,501456
223,1791361554,501472
224,1791361555,501488
225,1791361556,501488
226,1791361557,501520
227,1791361558,501520
228,1791361559,501536
229,1791361560,501552
230,1791361561,501568
231,1791361562,501584
232,1791361563,501600
233,1791361564,501600
234,1791361565,501600
235,1791361566,501632
236,1791361567,501632
237,1791361568,501648
238,1791361569,501648
239,1791361570,501664
240,1791361571,501680
241,1791361572,501680
242,1791361573,501696
243,1791361574,501712
244,1791361575,501744
245,1791361576,501760
246,1791361577,501776
247,1791361578,501776
248,1791361579,501776
249,1791361580,501808
250,1791361581,501808
251,1791361582,501824
252,1791361583,501856
253,1791361585,501888
254,1791361586,501904
255,1791361587,501920
256,1791361588,501952
257,1791361589,501952
258,1791361590,501968
259,1791361591,501984
260,1791361592,501984
261,1791361593,502000
262,1791361594,502000
263,1791361595,502128
264,1791361596,502160
265,1791361597,502176
266,1791361598,502192
267,1791361599,502192
268,1791361600,502208
269,1791361601,502208
270,1791361602,502224
271,1791361603,502224
272,1791361604,502224
273,1791361605,502256
274,1791361606,502256
275,1791361607,502288
276,1791361608,502288
277,1791361609,502288
278,1791361610,502304
279,1791361611,502352
280,1791361612,502352
281,1791361613,502352
282,1791361614,502352
283,1791361615,502368
284,1791361616,502384
285,1791361617,502416
286,1791361618,502416
287,1791361619,502432
288,1791361620,502448
289,1791361621,502448
290,1791361622,502464
291,1791361623,502464
292,1791361624,502496
293,1791361625,502512
294,1791361626,502528
295,1791361627,502544
296,1791361628,502544
297,1791361629,502560
298,1791361630,502576
299,1791361631,502592
300,1791361632,502592
301,1791361633,502608
302,1791361634,502608
303,1791361635,502640
304,1791361636,502656
305,1791361638,502672
306,1791361639,502688
307,1791361640,502704
308,1791361641,502720
309,1791361642,502752
310,1791361643,502768
311,1791361644,502784
312,1791361645,502800
313,1791361646,502800
314,1791361647,502816
315,1791361648,502832
316,1791361649,502848
317,1791361650,502848
318,1791361651,502864
319,1791361652,503040
320,1791361653,503056
321,1791361654,503088
322,1791361655,503088
323,1791361656,503104
324,1791361657,503104
325,1791361658,503120
326,1791361659,503120
327,1791361660,503264
328,1791361661,503312
329,1791361662,503328
330,1791361663,503344
331,1791361664,503344
332,1791361665,503376
333,1791361666,503376
334,1791361667,503408
335,1791361668,503424
336,1791361669,503456
337,1791361670,503472
338,1791361671,503488
339,1791361672,503520
340,1791361673,503520
341,1791361674,503536
342,1791361675,503536
343,1791361676,503552
344,1791361677,503568
345,1791361678,503600
346,1791361679,503616
347,1791361680,503648
348,1791361681,503648
349,1791361682,503664
350,1791361683,503664
351,1791361684,503680
352,1791361685,503680
353,1791361686,503696
354,1791361688,503728
355,1791361689,503744
356,1791361690,503760
357,1791361691,503792
358,1791361692,503792
359,1791361693,503808
360,1791361694,503824
361,1791361695,503840
362,1791361696,503856
363,1791361697,503856
364,1791361698,503872
365,1791361699,503872
366,1791361700,503888
367,1791361701,503888
368,1791361702,503904
369,1791361703,503904
370,1791361704,503920
371,1791361705,503952
372,1791361706,503952
373,1791361707,504000
374,1791361708,504000
375,1791361709,504016
376,1791361710,504016
377,1791361711,504032
378,1791361712,504064
379,1791361713,504080
380,1791361714,504096
381,1791361715,504112
382,1791361716,504112
383,1791361717,504128
384,1791361718,504128
385,1791361719,504160
386,1791361720,504160
387,1791361721,504160
388,1791361722,504176
389,1791361723,504176
390,1791361724,504208
391,1791361725,504208
392,1791361726,504208
393,1791361727,504224
394,1791361728,504240
395,1791361729,504256
396,1791361730,504256
397,1791361731,504256
398,1791361732,504288
399,1791361733,504288
400,1791361734,504352
401,1791361735,504736
402,1791361736,504784
403,1791361737,504784
404,1791361738,504784
405,1791361740,504800
406,1791361741,504800
407,1791361742,504816
408,1791361743,504816
409,1791361744,504848
410,1791361745,504880
411,1791361746,504880
412,1791361747,504896
413,1791361748,504896
414,1791361749,504944
415,1791361750,504960
416,1791361751,504976
417,1791361752,505008
418,1791361753,505008
419,1791361754,505024
420,1791361755,505040
421,1791361756,505040
422,1791361757,505072
423,1791361758,505136
424,1791361759,505136
425,1791361760,505152
426,1791361761,505152
427,1791361762,505168
428,1791361763,505184
429,1791361764,505248
430,1791361765,505248
431,1791361766,505264
432,1791361767,505264
433,1791361768,505264
434,1791361769,505296
435,1791361770,505328
436,1791361771,505360
437,1791361772,505392
438,1791361773,505392
439,1791361774,505392
440,1791361775,505424
441,1791361776,505472
442,1791361777,505472
443,1791361778,505472
444,1791361779,505488
445,1791361780,505504
446,1791361781,505536
447,1791361782,505536
448,1791361783,505552
449,1791361784,505568
450,1791361785,505600
451,1791361786,505616
452,1791361787,505648
453,1791361788,505664
454,1791361789,505696
455,1791361790,505712
456,1791361792,505712
457,1791361793,505712
458,1791361794,505744
459,1791361795,505744
460,1791361796,505760
461,1791361797,505760
462,1791361798,505776
463,1791361799,505792
464,1791361800,505824
465,1791361801,505824
466,1791361802,505840
467,1791361803,505856
468,1791361804,505872
469,1791361805,505888
470,1791361806,505936
471,1791361807,505952
472,1791361808,505984
473,1791361809,506000
474,1791361810,506000
475,1791361811,506016
476,1791361812,506032
477,1791361813,506048
478,1791361814,506048
479,1791361815,506064
480,1791361816,506096
481,1791361817,506112
482,1791361818,506128
483,1791361819,506144
484,1791361820,506144
485,1791361821,506160
486,1791361822,506192
487,1791361823,506240
488,1791361824,506256
489,1791361825,506288
490,1791361826,506288
491,1791361827,506304
492,1791361828,506352
493,1791361829,506368
494,1791361830,506368
495,1791361831,506368
496,1791361832,506384
497,1791361833,506400
498,1791361834,506416
499,1791361835,506432
500,1791361836,506432
501,1791361837,506448
502,1791361838,506448
503,1791361839,506480
504,1791361840,506528
505,1791361842,506544
506,1791361843,506576
507,1791361844,506592
508,1791361845,506592
509,1791361846,506592
510,1791361847,506608
511,1791361848,506624
512,1791361849,506640
513,1791361850,506640
514,1791361851,506640
515,1791361852,506672
516,1791361853,506688
517,1791361854,506704
518,1791361855,506720
519,1791361856,506720
520,1791361857,506752
521,1791361858,506752
522,1791361859,506768
523,1791361860,506784
524,1791361861,507328
525,1791361862,507376
526,1791361863,507376
527,1791361864,507392
528,1791361865,507392
529,1791361866,507408
530,1791361867,507408
531,1791361868,507408
532,1791361869,507440
533,1791361870,507440
534,1791361871,507456
535,1791361872,507504
536,1791361873,507504
537,1791361874,507520
538,1791361875,507520
539,1791361876,507552
540,1791361877,507552
541,1791361878,507552
542,1791361879,507584
543,1791361880,507600
544,1791361881,507632
545,1791361882,507664
546,1791361883,507664
547,1791361884,507680
548,1791361885,507680
549,1791361886,507696
550,1791361887,507712
551,1791361888,507712
552,1791361889,507744
553,1791361890,507744
554,1791361891,507776
555,1791361892,507776
556,1791361893,507776
557,1791361895,507792
558,1791361896,507792
559,1791361897,507824
560,1791361898,507824
561,1791361899,507840
562,1791361900,507856
563,1791361901,507888
564,1791361902,507936
565,1791361903,507952
566,1791361904,508000
567,1791361905,508000
568,1791361906,508016
569,1791361907,508016
570,1791361908,508048
571,1791361909,508064
572,1791361910,508080
573,1791361911,508080
574,1791361912,508096
575,1791361913,508096
576,1791361914,508144
577,1791361915,508144
578,1791361916,508176
579,1791361917,508176
580,1791361918,508224
581,1791361919,508224
582,1791361920,508240
583,1791361921,508256
584,1791361922,508256
585,1791361923,508272
586,1791361924,508272
587,1791361925,508320
588,1791361926,508336
589,1791361927,508352
590,1791361928,508384
591,1791361929,508512
592,1791361930,508544
593,1791361931,508544
594,1791361932,508560
595,1791361933,508576
596,1791361934,508608
597,1791361935,508624
598,1791361936,508656
599,1791361937,508688
600,1791361938,508720
601,1791361939,508720
602,1791361940,508736
603,1791361941,508752
604,1791361942,508752
605,1791361943,508768
606,1791361944,508800
607,1791361946,508816
608,1791361947,508816
609,1791361948,508832
610,1791361949,508848
611,1791361950,508864
612,1791361951,508880
613,1791361952,508912
614,1791361953,508928
615,1791361954,508960
616,1791361955,508976
617,1791361956,509008
618,1791361957,509008
619,1791361958,509024
620,1791361959,509024
621,1791361960,509040
622,1791361961,509072
623,1791361962,509088
624,1791361963,509088
625,1791361964,509088
626,1791361965,509104
627,1791361966,509120
628,1791361967,509152
629,1791361968,509168
630,1791361969,509200
631,1791361970,509232
632,1791361971,509232
633,1791361972,509248
634,1791361973,509280
635,1791361974,509312
636,1791361975,509312
637,1791361976,509328
638,1791361977,509328
639,1791361978,509344
640,1791361979,509360
641,1791361980,509392
642,1791361981,509408
643,1791361982,509408
644,1791361983,509408
645,1791361984,509424
646,1791361985,509424
647,1791361986,509440
648,1791361987,509472
649,1791361988,509488
650,1791361989,509504
651,1791361990,509504
652,1791361991,509520
653,1791361992,509536
654,1791361993,509552
655,1791361994,509584
656,1791361995,509600
657,1791361996,509616
658,1791361997,509616
659,1791361998,509632
660,1791361999,509648
661,1791362000,509664
662,1791362002,509696
663,1791362003,509696
664,1791362004,509712
665,1791362005,509712
666,1791362006,509712
667,1791362007,509728
668,1791362008,509760
669,1791362009,509776
670,1791362010,509792
671,1791362011,509808
672,1791362012,509824
673,1791362013,509824
674,1791362014,509872
675,1791362015,509888
676,1791362016,509888
677,1791362017,509904
678,1791362018,509904
679,1791362019,509936
680,1791362020,509936
681,1791362021,509968
682,1791362022,510000
683,1791362023,510000
684,1791362024,510016
685,1791362025,510016
686,1791362026,510048
687,1791362027,510064
688,1791362028,510064
689,1791362029,510112
690,1791362030,510112
691,1791362031,510128
692,1791362032,510144
693,1791362033,510144
694,1791362034,510176
695,1791362035,510192
696,1791362036,510208
697,1791362037,510208
698,1791362038,510256
699,1791362039,510272
700,1791362040,510304
701,1791362041,510304
702,1791362042,510320
703,1791362043,510336
704,1791362044,510368
705,1791362045,510368
706,1791362046,510416
707,1791362047,510416
708,1791362048,510432
709,1791362049,510432
710,1791362050,510448
711,1791362051,510992
712,1791362052,511024
713,1791362053,511040
714,1791362055,511040
715,1791362056,511072
716,1791362057,511072
717,1791362058,511088
718,1791362059,511104
719,1791362060,511120
720,1791362061,511120
721,1791362062,511120
722,1791362063,511152
723,1791362064,511168
724,1791362065,511280
725,1791362066,511312
726,1791362067,511328
727,1791362068,511344
728,1791362069,511360
729,1791362070,511360
730,1791362071,511376
731,1791362072,511392
732,1791362073,511408
733,1791362074,511424
734,1791362075,511424
735,1791362076,511440
736,1791362077,511456
737,1791362078,511472
738,1791362079,511488
739,1791362080,511520
740,1791362081,511520
741,1791362082,511552
742,1791362083,511568
743,1791362084,511584
744,1791362085,511584
745,1791362086,511600
746,1791362087,511632
747,1791362088,511632
748,1791362089,511680
749,1791362090,511712
750,1791362091,511744
751,1791362092,511760
752,1791362093,511760
753,1791362094,511776
754,1791362095,511792
755,1791362096,511840
756,1791362097,511840
757,1791362098,511856
758,1791362099,511888
759,1791362100,511888
760,1791362101,511904
761,1791362102,511904
762,1791362103,511904
763,1791362104,511936
764,1791362105,511936
765,1791362107,511968
766,1791362108,511984
767,1791362109,512000
768,1791362110,512000
769,1791362111,512032
770,1791362112,512032
771,1791362113,512048
772,1791362114,512080
773,1791362115,512080
774,1791362116,512112
775,1791362117,512112
776,1791362118,512128
777,1791362119,512160
778,1791362120,512176
779,1791362121,512192
780,1791362122,512192
781,1791362123,512192
782,1791362124,512208
783,1791362125,512240
784,1791362126,512256
785,1791362127,512288
786,1791362128,512304
787,1791362129,512320
788,1791362130,512320
789,1791362131,512336
790,1791362132,512336
791,1791362133,512352
792,1791362134,512384
793,1791362135,512400
794,1791362136,512416
795,1791362137,512448
796,1791362138,512464
797,1791362139,512464
798,1791362140,512480
799,1791362141,512496
800,1791362142,512496
801,1791362143,512512
802,1791362144,512512
803,1791362145,512512
804,1791362146,512528
805,1791362147,512560
806,1791362148,512576
807,1791362149,512592
808,1791362150,512592
809,1791362151,512608
810,1791362152,512608
811,1791362153,512624
812,1791362154,512640
813,1791362155,512656
814,1791362156,512672
815,1791362157,512688
816,1791362158,512704
817,1791362160,512704
818,1791362161,512736
819,1791362162,512752
820,1791362163,512768
821,1791362164,512800
822,1791362165,512800
823,1791362166,512816
824,1791362167,512864
825,1791362168,512880
826,1791362169,512896
827,1791362170,512896
828,1791362171,512912
829,1791362172,512912
830,1791362173,512928
831,1791362174,512960
832,1791362175,512992
833,1791362176,512992
834,1791362177,513024
835,1791362178,513024
836,1791362179,513056
837,1791362180,513056
838,1791362181,513072
839,1791362182,513072
840,1791362183,513088
841,1791362184,513104
842,1791362185,513152
843,1791362186,513152
844,1791362187,513152
845,1791362188,513168
846,1791362189,513168
847,1791362190,513200
848,1791362191,513232
849,1791362192,513280
850,1791362193,513296
851,1791362194,513312
852,1791362195,513312
853,1791362196,513312
854,1791362197,513344
855,1791362198,513392
856,1791362199,513424
857,1791362200,513424
858,1791362201,513456
859,1791362202,513488
860,1791362203,513520
861,1791362204,513536
862,1791362205,513536
863,1791362206,513552
864,1791362207,513552
865,1791362208,513616
866,1791362209,513648
867,1791362210,513680
868,1791362211,513680
869,1791362213,513696
870,1791362214,513696
871,1791362215,513712
872,1791362216,513728
873,1791362217,513760
874,1791362218,513760
875,1791362219,513776
876,1791362220,513792
877,1791362221,513792
878,1791362222,513824
879,1791362223,513824
880,1791362224,513856
881,1791362225,513856
882,1791362226,513888
883,1791362227,513920
884,1791362228,513936
885,1791362229,513968
886,1791362230,513984
887,1791362231,513984
888,1791362232,514000
889,1791362233,514000
890,1791362234,514016
891,1791362235,514016
892,1791362236,514048
893,1791362237,514080
894,1791362238,514080
895,1791362239,514096
896,1791362240,514096
897,1791362241,514112
898,1791362242,514128
899,1791362243,514160
900,1791362244,514160
901,1791362245,514176
902,1791362246,514176
903,1791362247,514176
904,1791362248,514192
905,1791362249,514192
906,1791362250,514208
907,1791362251,514208
908,1791362252,514208
909,1791362253,514240
910,1791362254,514240
911,1791362255,514272
912,1791362256,514288
913,1791362257,514304
914,1791362258,514320
915,1791362259,514320
916,1791362260,514336
917,1791362261,514336
918,1791362263,514336
919,1791362264,514368
920,1791362265,514368
921,1791362266,514400
922,1791362267,514400
923,1791362268,514400
924,1791362269,514416
925,1791362270,514416
926,1791362271,514432
927,1791362272,514432
928,1791362273,514464
929,1791362274,514464
930,1791362275,514480
931,1791362276,514496
932,1791362277,514496
933,1791362278,514544
934,1791362279,514560
935,1791362280,514560
936,1791362281,514576
937,1791362282,514576
938,1791362283,514608
939,1791362284,514608
940,1791362285,514624
941,1791362286,514640
942,1791362287,514656
943,1791362288,514688
944,1791362289,514688
945,1791362290,514688
946,1791362291,514704
947,1791362292,514704
948,1791362293,514720
949,1791362294,514720
950,1791362295,514736
951,1791362296,514752
952,1791362297,514752
953,1791362298,514768
954,1791362299,514768
955,1791362300,514768
956,1791362301,514784
957,1791362302,514816
958,1791362303,514832
959,1791362304,514864
960,1791362305,514896
961,1791362306,514896
962,1791362307,514912
963,1791362308,514912
964,1791362309,514928
965,1791362310,514928
966,1791362311,514944
967,1791362312,514960
968,1791362313,514976
969,1791362314,514992
970,1791362315,515040
971,1791362317,515040
972,1791362318,515056
973,1791362319,515056
974,1791362320,515088
975,1791362321,515120
976,1791362322,515120
977,1791362323,515136
978,1791362324,515136
979,1791362325,515152
980,1791362326,515168
981,1791362327,515184
982,1791362328,515200
983,1791362329,515200
984,1791362330,515232
985,1791362331,515232
986,1791362332,515248
987,1791362333,515248
988,1791362334,515264
989,1791362335,515264
990,1791362336,515648
991,1791362337,515664
992,1791362338,515664
993,1791362339,515696
994,1791362340,515696
995,1791362341,515728
996,1791362342,515728
997,1791362343,515744
998,1791362344,515744
999,1791362345,515760
1000,1791362346,515760
1001,1791362347,515792
1002,1791362348,515792
1003,1791362349,515824
1004,1791362350,515824
1005,1791362351,515840
1006,1791362352,515856
1007,1791362353,515872
1008,1791362354,515920
1009,1791362355,515920
1010,1791362356,515952
1011,1791362357,515952
1012,1791362358,515968
1013,1791362359,515968
1014,1791362360,515984
1015,1791362361,515984
1016,1791362362,516000
1017,1791362363,516000
1018,1791362364,516032
1019,1791362365,516032
1020,1791362366,516064
1021,1791362368,516064
1022,1791362369,516080
1023,1791362370,516080
1024,1791362371,516112
1025,1791362372,516128
1026,1791362373,516128
1027,1791362374,516160
1028,1791362375,516160
1029,1791362376,516176
1030,1791362377,516176
1031,1791362378,516192
1032,1791362379,516192
1033,1791362380,516192
1034,1791362381,516224
1035,1791362382,516224
1036,1791362383,516256
1037,1791362384,516272
1038,1791362385,516272
1039,1791362386,516288
1040,1791362387,516288
1041,1791362388,516304
1042,1791362389,516304
1043,1791362390,516320
1044,1791362391,516352
1045,1791362392,516352
1046,1791362393,516384
1047,1791362394,516384
1048,1791362395,516400
1049,1791362396,516432
1050,1791362397,516432
1051,1791362398,516448
1052,1791362399,516448
1053,1791362400,516480
1054,1791362401,516480
1055,1791362402,516496
1056,1791362403,516512
1057,1791362404,516512
1058,1791362405,516528
1059,1791362406,516544
1060,1791362407,516544
1061,1791362408,516560
1062,1791362409,516560
1063,1791362410,516608
1064,1791362411,516608
1065,1791362412,516624
1066,1791362413,516640
1067,1791362414,516640
1068,1791362415,516656
1069,1791362416,516672
1070,1791362417,516688
1071,1791362418,516688
1072,1791362419,516688
1073,1791362421,516704
1074,1791362422,516720
1075,1791362423,516736
1076,1791362424,516752
1077,1791362425,516752
1078,1791362426,516784
1079,1791362427,516784
1080,1791362428,516800
1081,1791362429,516800
1082,1791362430,516816
1083,1791362431,516864
1084,1791362432,516880
1085,1791362433,516896
1086,1791362434,516896
1087,1791362435,516896
1088,1791362436,516912
1089,1791362437,516912
1090,1791362438,516928
1091,1791362439,516928
1092,1791362440,516960
1093,1791362441,516976
1094,1791362442,516992
1095,1791362443,516992
1096,1791362444,517008
1097,1791362445,517024
1098,1791362446,517040
1099,1791362447,517040
1100,1791362448,517088
1101,1791362449,517104
1102,1791362450,517120
1103,1791362451,517120
1104,1791362452,517152
1105,1791362453,517152
1106,1791362454,517152
1107,1791362455,517168
1108,1791362456,517168
1109,1791362457,517184
1110,1791362458,517200
1111,1791362459,517216
1112,1791362460,517216
1113,1791362461,517232
1114,1791362462,517232
1115,1791362463,517232
1116,1791362464,517248
1117,1791362465,517248
1118,1791362466,517296
1119,1791362467,517344
1120,1791362468,517376
1121,1791362469,517376
1122,1791362471,517376
1123,1791362472,517392
1124,1791362473,517392
1125,1791362474,517408
1126,1791362475,517408
1127,1791362476,517424
1128,1791362477,517440
1129,1791362478,517456
1130,1791362479,517472
1131,1791362480,517504
1132,1791362481,517504
1133,1791362482,517520
1134,1791362483,517520
1135,1791362484,517552
1136,1791362485,517568
1137,1791362486,517568
1138,1791362487,517600
1139,1791362488,517600
1140,1791362489,517616
1141,1791362490,517632
1142,1791362491,517648
1143,1791362492,517664
1144,1791362493,517680
1145,1791362494,517696
1146,1791362495,517712
1147,1791362496,517712
1148,1791362497,517728
1149,1791362498,517728
1150,1791362499,517760
1151,1791362500,517776
1152,1791362501,517808
1153,1791362502,517840
1154,1791362503,517856
1155,1791362504,517888
1156,1791362505,517888
1157,1791362506,517904
1158,1791362507,517904
1159,1791362508,517920
1160,1791362509,517920
1161,1791362510,517008
1162,1791362511,517040
1163,1791362512,517072
1164,1791362513,517072
1165,1791362514,517072
1166,1791362515,517088
1167,1791362516,517088
1168,1791362517,517104
1169,1791362518,517136
1170,1791362519,517136
1171,1791362520,517168
1172,1791362521,517168
1173,1791362523,517184
1174,1791362524,517184
1175,1791362525,517184
1176,1791362526,517200
1177,1791362527,517200
1178,1791362528,517216
1179,1791362529,517216
1180,1791362530,517232
1181,1791362531,517248
1182,1791362532,517248
1183,1791362533,517264
1184,1791362534,517280
1185,1791362535,517296
1186,1791362536,517296
1187,1791362537,517296
1188,1791362538,517344
1189,1791362539,517376
1190,1791362540,517408
1191,1791362541,517408
1192,1791362542,517408
1193,1791362543,517456
1194,1791362544,517472
1195,1791362545,517488
1196,1791362546,517488
1197,1791362547,517488
1198,1791362548,517504
1199,1791362549,517520
1200,1791362550,517552
1201,1791362551,517552
1202,1791362552,517568
1203,1791362553,517568
1204,1791362554,517568
1205,1791362555,517584
1206,1791362556,517584
1207,1791362557,517584
1208,1791362558,517616
1209,1791362559,517616
1210,1791362560,517648
1211,1791362561,517648
1212,1791362562,517664
1213,1791362563,517744
1214,1791362564,517744
1215,1791362565,517760
1216,1791362566,517760
1217,1791362567,517776
1218,1791362568,517776
1219,1791362569,517776
1220,1791362570,517808
1221,1791362571,517808
1222,1791362573,517824
1223,1791362574,517824
1224,1791362575,517840
1225,1791362576,517856
1226,1791362577,517888
1227,1791362578,517904
1228,1791362579,517936
1229,1791362580,517936
1230,1791362581,517952
1231,1791362582,517984
1232,1791362583,518000
1233,1791362584,518000
1234,1791362585,518032
1235,1791362586,518032
1236,1791362587,518064
1237,1791362588,518064
1238,1791362589,518064
1239,1791362590,518096
1240,1791362591,518096
1241,1791362592,518128
1242,1791362593,518128
1243,1791362594,518160
1244,1791362595,518160
1245,1791362596,518192
1246,1791362597,518192
1247,1791362598,518192
1248,1791362599,518208
1249,1791362600,518208
1250,1791362601,518224
1251,1791362602,518224
1252,1791362603,518272
1253,1791362604,518288
1254,1791362605,518288
1255,1791362606,518304
1256,1791362607,518304
1257,1791362608,518336
1258,1791362609,518352
1259,1791362610,518368
1260,1791362611,518368
1261,1791362612,518400
1262,1791362613,518416
1263,1791362614,518432
1264,1791362615,518432
1265,1791362616,518464
1266,1791362617,518464
1267,1791362618,518512
1268,1791362619,518512
1269,1791362620,518512
1270,1791362621,518528
1271,1791362622,518544
1272,1791362624,518560
1273,1791362625,518560
1274,1791362626,518576
1275,1791362627,518576
1276,1791362628,518592
1277,1791362629,518608
1278,1791362630,518640
1279,1791362631,518672
1280,1791362632,518688
1281,1791362633,518688
1282,1791362634,518704
1283,1791362635,518704
1284,1791362636,518720
1285,1791362637,518720
1286,1791362638,518736
1287,1791362639,518752
1288,1791362640,518768
1289,1791362641,518784
1290,1791362642,518784
1291,1791362643,518816
1292,1791362644,518816
1293,1791362645,518832
1294,1791362646,518832
1295,1791362647,518864
1296,1791362648,518880
1297,1791362649,518880
1298,1791362650,518896
1299,1791362651,518896
1300,1791362652,518912
1301,1791362653,518928
1302,1791362654,518960
1303,1791362655,518976
1304,1791362656,518976
1305,1791362657,519008
1306,1791362658,519024
1307,1791362659,519024
1308,1791362660,519040
1309,1791362661,519040
1310,1791362662,519056
1311,1791362663,519056
1312,1791362664,519072
1313,1791362665,519072
1314,1791362666,519088
1315,1791362667,519104
1316,1791362668,519120
1317,1791362669,519136
1318,1791362670,519136
1319,1791362671,519136
1320,1791362672,519184
1321,1791362673,519184
1322,1791362674,519200
1323,1791362676,519200
1324,1791362677,519200
1325,1791362678,519232
1326,1791362679,519232
1327,1791362680,519264
1328,1791362681,519264
1329,1791362682,519264
1330,1791362683,519280
1331,1791362684,519280
1332,1791362685,519296
1333,1791362686,519312
1334,1791362687,519344
1335,1791362688,519360
1336,1791362689,519376
1337,1791362690,519392
1338,1791362691,519392
1339,1791362692,519392
1340,1791362693,519408
1341,1791362694,519408
1342,1791362695,519424
1343,1791362696,519456
1344,1791362697,519456
1345,1791362698,519488
1346,1791362699,519488
1347,1791362700,519520
1348,1791362701,519520
1349,1791362702,519536
1350,1791362703,519552
1351,1791362704,519568
1352,1791362705,519616
1353,1791362706,519616
1354,1791362707,519648
1355,1791362708,519648
1356,1791362709,519664
1357,1791362710,519664
1358,1791362711,519680
1359,1791362712,519680
1360,1791362713,519696
1361,1791362714,519696
1362,1791362715,519744
1363,1791362716,519744
1364,1791362717,519760
1365,1791362718,519760
1366,1791362719,519776
1367,1791362720,519776
1368,1791362721,519792
1369,1791362722,519808
1370,1791362723,519808
1371,1791362724,519840
1372,1791362725,519840
1373,1791362727,519872
1374,1791362728,519872
1375,1791362729,519904
1376,1791362730,519904
1377,1791362731,519920
1378,1791362732,519952
1379,1791362733,519952
1380,1791362734,519984
1381,1791362735,519984
1382,1791362736,520080
1383,1791362737,520096
1384,1791362738,520112
1385,1791362739,520112
1386,1791362740,520128
1387,1791362741,520144
1388,1791362742,520176
1389,1791362743,520192
1390,1791362744,520192
1391,1791362745,520208
1392,1791362746,520208
1393,1791362747,520224
1394,1791362748,520224
1395,1791362749,520240
1396,1791362750,520256
1397,1791362751,520288
1398,1791362752,520288
1399,1791362753,520288
1400,1791362754,520304
1401,1791362755,520320
1402,1791362756,520336
1403,1791362757,520352
1404,1791362758,520368
1405,1791362759,522576
1406,1791362760,522592
1407,1791362761,522592
1408,1791362762,522608
1409,1791362763,522608
1410,1791362764,522624
1411,1791362765,522624
1412,1791362766,522640
1413,1791362767,522720
1414,1791362768,522752
1415,1791362769,522752
1416,1791362770,522784
1417,1791362771,522784
1418,1791362772,522800
1419,1791362773,522800
1420,1791362774,522816
1421,1791362775,522832
1422,1791362776,522848
1423,1791362777,522864
1424,1791362779,522864
1425,1791362780,522880
1426,1791362781,522896
1427,1791362782,522912
1428,1791362783,522912
1429,1791362784,522912
1430,1791362785,522944
1431,1791362786,522960
1432,1791362787,522992
1433,1791362788,522992
1434,1791362789,522992
1435,1791362790,523008
1436,1791362791,523008
1437,1791362792,523024
1438,1791362793,523024
1439,1791362794,523040
1440,1791362795,523056
1441,1791362796,523104
1442,1791362797,523120
1443,1791362798,523120
1444,1791362799,523120
1445,1791362800,523152
1446,1791362801,523152
1447,1791362802,523168
1448,1791362803,523168
1449,1791362804,523168
1450,1791362805,523184
1451,1791362806,523200
1452,1791362807,523264
1453,1791362808,523264
1454,1791362809,523264
1455,1791362810,523296
1456,1791362811,523296
1457,1791362812,523312
1458,1791362813,523312
1459,1791362814,523344
1460,1791362815,523360
1461,1791362816,523360
1462,1791362817,523376
1463,1791362818,523376
1464,1791362819,523392
1465,1791362820,523392
1466,1791362821,523472
1467,1791362822,523472
1468,1791362823,523472
1469,1791362824,523488
1470,1791362825,523520
1471,1791362826,523520
1472,1791362827,523536
1473,1791362829,523552
1474,1791362830,523568
1475,1791362831,523568
1476,1791362832,523584
1477,1791362833,523600
1478,1791362834,523616
1479,1791362835,523632
1480,1791362836,523648
1481,1791362837,523648
1482,1791362838,523664
1483,1791362839,523664
1484,1791362840,523696
1485,1791362841,523696
1486,1791362842,523712
1487,1791362843,523712
1488,1791362844,523728
1489,1791362845,523744
1490,1791362846,523776
1491,1791362847,523824
1492,1791362848,523840
1493,1791362849,523840
1494,1791362850,523856
1495,1791362851,523872
1496,1791362852,523888
1497,1791362853,523920
1498,1791362854,523936
1499,1791362855,523936
1500,1791362856,523936
1501,1791362857,523952
1502,1791362858,523952
1503,1791362859,523968
1504,1791362860,523968
1505,1791362861,524000
1506,1791362862,524000
1507,1791362863,524016
1508,1791362864,524048
1509,1791362865,524048
1510,1791362866,524080
1511,1791362867,524080
1512,1791362868,524112
1513,1791362869,524128
1514,1791362870,524144
1515,1791362871,524160
1516,1791362872,524176
1517,1791362873,524176
1518,1791362874,524176
1519,1791362875,524192
1520,1791362876,524192
1521,1791362877,524224
1522,1791362879,524224
1523,1791362880,524272
1524,1791362881,524272
1525,1791362882,524288
1526,1791362883,524288
1527,1791362884,524352
1528,1791362885,524352
1529,1791362886,524368
1530,1791362887,524400
1531,1791362888,524416
1532,1791362889,524432
1533,1791362890,524432
1534,1791362891,524464
1535,1791362892,524464
1536,1791362893,524496
1537,1791362894,524496
1538,1791362895,524512
1539,1791362896,524528
1540,1791362897,524560
1541,1791362898,524560
1542,1791362899,524576
1543,1791362900,524592
1544,1791362901,524608
1545,1791362902,524608
1546,1791362903,524640
1547,1791362904,524656
1548,1791362905,524704
1549,1791362906,524704
1550,1791362907,524720
1551,1791362908,524720
1552,1791362909,524720
1553,1791362910,524736
1554,1791362911,524736
1555,1791362912,524768
1556,1791362913,524768
1557,1791362914,524800
1558,1791362915,524800
1559,1791362916,524816
1560,1791362917,524816
1561,1791362918,524880
1562,1791362919,524896
1563,1791362920,524896
1564,1791362921,524928
1565,1791362922,524928
1566,1791362923,524944
1567,1791362924,524960
1568,1791362925,524960
1569,1791362926,524976
1570,1791362927,524976
1571,1791362928,524992
1572,1791362929,525024
1573,1791362930,525024
1574,1791362932,525040
1575,1791362933,525040
1576,1791362934,525072
1577,1791362935,525088
1578,1791362936,525088
1579,1791362937,525104
1580,1791362938,525120
1581,1791362939,525120
1582,1791362940,525152
1583,1791362941,525168
1584,1791362942,525200
1585,1791362943,525200
1586,1791362944,525216
1587,1791362945,525232
1588,1791362946,525232
1589,1791362947,525248
1590,1791362948,525264
1591,1791362949,525296
1592,1791362950,525344
1593,1791362951,525360
1594,1791362952,525376
1595,1791362953,525392
1596,1791362954,525424
1597,1791362955,525440
1598,1791362956,525456
1599,1791362957,525456
1600,1791362958,525488
1601,1791362959,525536
1602,1791362960,525584
1603,1791362961,525600
1604,1791362962,525600
1605,1791362963,525632
1606,1791362964,525648
1607,1791362965,525648
1608,1791362966,525664
1609,1791362967,525664
1610,1791362968,525728
1611,1791362969,525728
1612,1791362970,525744
1613,1791362971,525776
1614,1791362972,525808
1615,1791362973,525840
1616,1791362974,525840
1617,1791362975,525872
1618,1791362976,525872
1619,1791362977,525920
1620,1791362978,525920
1621,1791362979,525936
1622,1791362981,525936
1623,1791362982,525968
1624,1791362983,526016
1625,1791362984,526032
1626,1791362985,526048
1627,1791362986,526096
1628,1791362987,526128
1629,1791362988,526144
1630,1791362989,526176
1631,1791362990,526192
1632,1791362991,526208
1633,1791362992,526256
1634,1791362993,526256
1635,1791362994,526304
1636,1791362995,526320
1637,1791362996,526368
1638,1791362997,526672
1639,1791362998,526688
1640,1791362999,526688
1641,1791363000,526720
1642,1791363001,526736
1643,1791363002,526752
1644,1791363003,526784
1645,1791363004,526816
1646,1791363005,526848
